14
jdmus,Wildt,Doe,1 Ryan Drive,New York City,NY,10079,US,dwildt0@instagram.com,dwildt0@reverbnation.com,dwildt0@arstechnica.com,dwildt0@bloomberg.com
5uc2f,McGinney,Anabel,0 Golf Course Crossing,Salt Lake City,UT,84189,US,amcginney1@blog.com,amcginney1@clickbank.net,amcginney1@tripod.com,
oq6fn,Livings,Frances,17 Lotheville Crossing,Louisville,KY,40220,US,flivings2@clickbank.net,flivings2@posterous.com,,
ugdk8,Splevings,Granny,08822 Tony Trail,Fort Wayne,IN,46857,US,gsplevings3@sciencedaily.com,gsplevings3@opensource.org,
fwk38,Wessing,Wanids,46 Utah Drive,New York City,NY,10060,US,wwessing4@stanford.edu,wwessing4@hatena.ne.jp,wwessing4@archive.org,
rhksc,Bridger,Christoper,91 Riverside Lane,Sarasota,FL,34276,US,cbridger5@jalbum.net,cbridger5@mac.com,,
z4ck9,Gaines,Darcy,6 Debs Drive,Portland,OR,97211,US,dgaines6@edublogs.org,dgaines6@myspace.com,dgaines6@eepurl.com,
c8q41,Marval,Mel,7 Hooker Crossing,Wilmington,DE,19892,US,mmarval7@paypal.com,mmarval7@reddit.com,mmarval7@blogs.com,
v857t,Brewis,Raddie,5 Prairie Rose Center,Dallas,TX,75205,US
snzgx,Peniman,Alyssa,78044 Ludington Parkway,Fort Wayne,IN,46852,US,apeniman9@webs.com,apeniman9@reverbnation.com,,
8yo0n,Chantler,Giuditta,1348 School Junction,Tampa,FL,33686,US,gchantlera@google.com.au,gchantlera@xinhuanet.com,gchantlera@merriam-webster.com,
g87xs,Pagel,Hermina,61 Anthes Way,Montgomery,AL,36195,US
8yhjk,Brosi,Allys,018 Bartillon Avenue,Fresno,CA,93773,US,abrosic@google.it,abrosic@ovh.net,,
5iowx,Cogswell,Dov,41 Thompson Drive,Atlanta,GA,30301,US,dcogswelld@friendfeed.com,dcogswelld@list-manage.com,dcogswelld@sciencedaily.com,
